cbsa_code,county_fips,nielsen_hh_rank,hotness_rank,hotness_rank_mm,hotness_rank_yy,hotness_score,supply_score,demand_score,median_days_on_market,median_days_on_market_mm,median_days_on_market_mm_day,median_days_on_market_yy,median_days_on_market_yy_day,median_days_on_market_vs_us,ldpviews_per_property_mm,ldpviews_per_property_yy,ldpviews_per_property_vs_us,median_listing_price,median_listing_price_mm,median_listing_price_yy,median_listing_price_vs_us,quality_flag,year
10140,53027,745,779,,,26,29,23,94,,,,,15,,,1,177175,,,1,0,2016
10180,48441,458,332,,,65,57,72,74,,,,,-5,,,1,173141,,,1,0,2016
10300,26091,609,183,,,77,65,88,70,,,,,-9,,,2,152242,,,1,0,2016
10420,39143,254,238,,,72,63,81,70,,,,,-8,,,1,146426,,,1,0,2016
10460,35035,808,982,,,4,6,3,123,,,,,44,,,0,166967,,,1,0,2016
10500,13095,632,990,,,3,5,0,126,,,,,47,,,0,88650,,,0,0,2016
10540,41043,508,459,,,54,73,35,65,,,,,-14,,,1,243308,,,1,0,2016
10580,36067,315,704,,,32,37,28,87,,,,,8,,,1,233258,,,1,0,2016
10620,37167,848,927,,,11,2,20,141,,,,,63,,,1,275079,,,1,0,2016
10700,1095,629,960,,,7,13,2,108,,,,,29,,,0,167492,,,1,0,2016
10740,35035,441,600,,,41,54,28,77,,,,,-2,,,1,227031,,,1,0,2016
10780,22079,472,484,,,52,42,62,83,,,,,4,,,1,180233,,,1,0,2016
10900,40060,442,649,,,37,37,36,88,,,,,9,,,1,203697,,,1,0,2016
11020,42013,468,455,,,54,40,69,84,,,,,5,,,1,118883,,,0,0,2016
11100,48378,504,166,,,78,85,71,57,,,,,-22,,,1,195683,,,1,0,2016
11180,19169,621,125,,,82,80,85,60,,,,,-19,,,1,228958,,,1,0,2016
11220,36057,940,934,,,10,10,10,113,,,,,34,,,1,126349,,,0,0,2016
11260,2095,431,690,,,33,52,14,78,,,,,-1,,,1,302038,,,1,0,2016
11460,26161,183,114,,,84,73,94,65,,,,,-14,,,2,321050,,,1,0,2016
11500,1015,525,957,,,8,9,6,114,,,,,35,,,0,119667,,,0,0,2016
11540,55051,656,516,,,48,58,38,75,,,,,-4,,,1,163082,,,1,0,2016
11620,40019,969,441,,,55,44,67,83,,,,,4,,,1,157533,,,1,0,2016
11700,37066,509,530,,,48,33,62,96,,,,,17,,,1,341576,,,1,0,2016
11740,39005,930,420,,,57,66,48,68,,,,,-11,,,1,115208,,,0,0,2016
11780,39007,601,833,,,21,23,19,98,,,,,19,,,1,106842,,,0,0,2016
11900,39009,844,758,,,27,33,21,89,,,,,10,,,1,131758,,,1,0,2016
11940,47107,917,673,,,35,34,37,88,,,,,10,,,1,146867,,,1,0,2016
11980,48213,685,829,,,21,12,30,111,,,,,32,,,1,259292,,,1,0,2016
12020,13059,512,633,,,39,42,35,83,,,,,4,,,1,171825,,,1,0,2016
12060,13126,442,338,,,64,84,44,57,,,,,-22,,,1,239135,,,1,0,2016
12100,34001,256,875,,,17,10,23,113,,,,,34,,,1,223992,,,1,0,2016
12180,36011,697,736,,,30,24,35,97,,,,,18,,,1,153267,,,1,0,2016
12220,1081,401,694,,,33,34,32,89,,,,,10,,,1,222052,,,1,0,2016
12260,23774,386,851,,,18,27,10,97,,,,,18,,,1,182716,,,1,0,2016
12300,23011,473,825,,,21,7,35,119,,,,,40,,,1,168933,,,1,0,2016
12420,48294,324,147,,,81,80,81,59,,,,,-19,,,1,357461,,,1,0,2016
12540,6029,92,309,,,66,75,57,63,,,,,-16,,,1,232792,,,1,0,2016
12580,24088,313,415,,,57,62,52,72,,,,,-7,,,1,324080,,,1,0,2016
12620,23019,400,848,,,19,12,27,114,,,,,35,,,1,144692,,,1,0,2016
12660,55111,780,938,,,10,4,16,129,,,,,50,,,1,195729,,,1,0,2016
12700,25001,266,705,,,32,15,49,106,,,,,27,,,1,538358,,,2,0,2016
12740,50023,815,973,,,6,2,10,144,,,,,65,,,1,231217,,,1,0,2016
12780,40147,900,468,,,53,66,40,68,,,,,-11,,,1,129517,,,1,0,2016
12860,36037,854,373,,,61,62,60,71,,,,,-8,,,1,110475,,,0,0,2016
12940,22034,390,171,,,78,71,85,66,,,,,-13,,,1,231141,,,1,0,2016
12980,26025,453,346,,,63,73,54,64,,,,,-15,,,1,112042,,,0,0,2016
13020,26017,536,704,,,32,50,14,78,,,,,-1,,,1,78908,,,0,0,2016
13140,48268,620,220,,,74,66,83,69,,,,,-10,,,1,170622,,,1,0,2016
13180,55027,655,655,,,37,40,34,85,,,,,6,,,1,156625,,,1,0,2016
13220,54081,691,973,,,6,10,2,114,,,,,35,,,0,145592,,,1,0,2016
13260,18093,986,773,,,26,32,21,90,,,,,11,,,1,109958,,,0,0,2016
13380,53073,294,564,,,44,61,28,72,,,,,-7,,,1,389531,,,2,0,2016
13460,41017,357,599,,,42,47,36,80,,,,,2,,,1,454683,,,2,0,2016
13740,30111,384,99,,,85,87,83,50,,,,,-29,,,1,278542,,,1,0,2016
13780,36057,627,794,,,24,22,27,99,,,,,20,,,1,133558,,,1,0,2016
13820,1088,554,706,,,32,31,33,93,,,,,14,,,1,188363,,,1,0,2016
13900,38015,586,470,,,53,70,36,67,,,,,-12,,,1,281815,,,1,0,2016
13980,51121,613,424,,,57,29,85,92,,,,,13,,,1,242604,,,1,0,2016
14010,17113,373,473,,,53,48,58,79,,,,,0,,,1,149267,,,1,0,2016
14020,18105,425,601,,,41,45,38,81,,,,,3,,,1,222400,,,1,0,2016
14100,42037,773,501,,,50,23,77,98,,,,,19,,,1,147367,,,1,0,2016
14140,54055,779,965,,,7,9,4,114,,,,,35,,,0,117075,,,0,0,2016
14260,16014,261,127,,,83,95,71,47,,,,,-32,,,1,241063,,,1,0,2016
14380,37189,915,946,,,9,2,17,146,,,,,67,,,1,299958,,,1,0,2016
14460,27304,158,139,,,82,73,92,63,,,,,-16,,,2,496048,,,2,0,2016
14500,8013,200,85,,,86,91,81,51,,,,,-28,,,1,665283,,,3,0,2016
14540,21227,502,420,,,57,62,53,71,,,,,-8,,,1,272058,,,1,0,2016
14580,30031,552,695,,,33,19,47,105,,,,,26,,,1,528275,,,2,0,2016
14660,27035,772,907,,,13,15,11,107,,,,,28,,,1,266025,,,1,0,2016
14700,29213,888,890,,,15,6,24,124,,,,,45,,,1,151258,,,1,0,2016
14740,53035,259,149,,,80,93,66,50,,,,,-29,,,1,365621,,,1,0,2016
14860,9001,56,582,,,43,20,66,100,,,,,21,,,1,750821,,,3,0,2016
15180,48061,206,922,,,12,4,20,132,,,,,53,,,1,205050,,,1,0,2016
15260,13127,666,916,,,12,3,21,132,,,,,53,,,1,353516,,,1,0,2016
15380,36046,164,204,,,76,81,71,59,,,,,-20,,,1,145104,,,1,0,2016
15500,37001,404,430,,,56,51,61,78,,,,,-1,,,1,188392,,,1,0,2016
15540,50009,673,783,,,24,13,34,114,,,,,35,,,1,286887,,,1,0,2016
15660,13129,943,388,,,60,58,62,74,,,,,-5,,,1,169892,,,1,0,2016
15680,24037,582,808,,,23,31,15,91,,,,,12,,,1,287000,,,1,0,2016
15940,39151,171,166,,,78,86,71,57,,,,,-22,,,1,134867,,,1,0,2016
15980,12071,82,691,,,33,39,27,86,,,,,7,,,1,315719,,,1,0,2016
16020,29031,701,801,,,24,40,7,84,,,,,5,,,0,161558,,,1,0,2016
16060,17138,782,867,,,17,22,12,102,,,,,23,,,1,124921,,,0,0,2016
16100,35015,892,739,,,29,32,26,90,,,,,11,,,1,166767,,,1,0,2016
16180,32510,902,134,,,82,79,84,60,,,,,-19,,,1,352517,,,1,0,2016
16220,56025,659,559,,,45,58,31,73,,,,,-6,,,1,229458,,,1,0,2016
16300,19113,283,472,,,53,77,29,63,,,,,-16,,,1,184430,,,1,0,2016
16500,53041,717,650,,,37,48,25,80,,,,,1,,,1,212900,,,1,0,2016
16540,42055,415,621,,,39,23,56,97,,,,,18,,,1,196590,,,1,0,2016
16580,17019,298,657,,,36,38,35,86,,,,,8,,,1,150433,,,1,0,2016
16620,54039,308,613,,,40,32,49,90,,,,,11,,,1,143767,,,1,0,2016
16660,17029,914,723,,,31,26,36,96,,,,,17,,,1,86458,,,0,0,2016
16700,45023,307,499,,,50,50,51,80,,,,,1,,,1,340055,,,1,0,2016
16740,38879,391,318,,,66,54,77,76,,,,,-2,,,1,290532,,,1,0,2016
16820,51272,759,843,,,19,12,27,112,,,,,33,,,1,497373,,,2,0,2016
16860,24469,591,319,,,66,64,67,70,,,,,-9,,,1,185103,,,1,0,2016
16940,56021,578,65,,,88,87,90,56,,,,,-23,,,2,285008,,,1,0,2016
16980,20420,311,277,,,69,67,71,68,,,,,-11,,,1,258256,,,1,0,2016
17020,6007,281,246,,,71,56,87,75,,,,,-4,,,2,288146,,,1,0,2016
17060,39141,735,300,,,67,54,80,76,,,,,-3,,,1,135308,,,1,0,2016
17140,29683,422,340,,,64,70,57,66,,,,,-13,,,1,195894,,,1,0,2016
17200,41518,720,958,,,7,2,12,153,,,,,74,,,1,242363,,,1,0,2016
17220,54033,740,684,,,34,41,28,84,,,,,5,,,1,145675,,,1,0,2016
17300,34086,564,702,,,32,54,11,76,,,,,-2,,,1,149979,,,1,0,2016
17340,6033,777,648,,,37,44,31,82,,,,,3,,,1,289283,,,1,0,2016
17420,47011,585,312,,,66,56,77,74,,,,,-5,,,1,193567,,,1,0,2016
17460,39074,303,305,,,67,52,82,77,,,,,-2,,,1,198995,,,1,0,2016
17540,19045,947,682,,,35,37,32,86,,,,,7,,,1,101317,,,0,0,2016
17580,35009,971,915,,,12,23,2,98,,,,,19,,,0,160000,,,1,0,2016
17660,16055,417,466,,,54,42,65,84,,,,,5,,,1,331447,,,1,0,2016
17780,48041,316,249,,,71,72,71,66,,,,,-13,,,1,313892,,,1,0,2016
17820,8041,95,40,,,93,92,93,51,,,,,-28,,,2,340477,,,1,0,2016
17860,29019,365,398,,,59,64,54,70,,,,,-9,,,1,228333,,,1,0,2016
17900,45066,408,667,,,35,49,21,79,,,,,0,,,1,195979,,,1,0,2016
17980,7164,571,897,,,14,24,4,96,,,,,17,,,0,140729,,,1,0,2016
18020,18005,690,394,,,60,58,61,73,,,,,-6,,,1,217500,,,1,0,2016
18060,28087,845,874,,,17,22,11,99,,,,,20,,,1,140875,,,1,0,2016
18140,39085,521,69,,,89,81,97,59,,,,,-20,,,2,219753,,,1,0,2016
18180,33013,427,489,,,51,30,73,92,,,,,13,,,1,268050,,,1,0,2016
18260,47141,722,580,,,43,27,60,95,,,,,16,,,1,221492,,,1,0,2016
18300,41011,765,731,,,30,17,43,106,,,,,27,,,1,271150,,,1,0,2016
18500,36101,579,714,,,32,23,40,96,,,,,17,,,1,127400,,,0,0,2016
18580,48382,517,605,,,41,37,44,86,,,,,7,,,1,227525,,,1,0,2016
18660,36023,996,816,,,22,24,20,101,,,,,22,,,1,141400,,,1,0,2016
18700,41003,630,306,,,67,74,60,64,,,,,-15,,,1,359333,,,1,0,2016
18880,12111,551,758,,,27,10,44,115,,,,,36,,,1,396615,,,2,0,2016
18900,47035,814,923,,,12,8,15,116,,,,,37,,,1,178888,,,1,0,2016
18980,1043,674,804,,,23,17,30,104,,,,,25,,,1,192508,,,1,0,2016
19060,24001,746,957,,,8,6,10,123,,,,,44,,,1,109517,,,0,0,2016
19100,48260,442,73,,,89,83,96,57,,,,,-22,,,2,305699,,,1,0,2016
19140,13313,642,388,,,60,60,61,72,,,,,-7,,,1,166900,,,1,0,2016
19180,17183,692,658,,,36,40,32,84,,,,,6,,,1,67625,,,0,0,2016
19260,51367,886,988,,,3,3,3,142,,,,,64,,,0,110721,,,0,0,2016
19300,1003,305,779,,,25,16,35,104,,,,,25,,,1,312938,,,1,0,2016
19340,17799,568,359,,,62,76,48,63,,,,,-16,,,1,150353,,,1,0,2016
19380,39093,352,283,,,69,64,73,70,,,,,-9,,,1,134294,,,1,0,2016
19460,1103,505,929,,,11,20,2,100,,,,,21,,,0,153792,,,1,0,2016
19500,17115,530,679,,,35,54,16,76,,,,,-3,,,1,94858,,,0,0,2016
19660,12081,333,527,,,48,41,55,84,,,,,5,,,1,280705,,,1,0,2016
19740,8024,245,30,,,94,95,93,43,,,,,-36,,,2,515604,,,2,0,2016
19780,19128,613,583,,,43,54,32,76,,,,,-3,,,1,278447,,,1,0,2016
19820,26119,255,91,,,88,83,92,57,,,,,-22,,,2,206875,,,1,0,2016
20020,1069,548,875,,,16,27,6,94,,,,,15,,,0,146740,,,1,0,2016
20100,10001,389,767,,,27,22,32,98,,,,,19,,,1,239366,,,1,0,2016
20140,13175,999,947,,,9,16,1,108,,,,,29,,,0,125425,,,0,0,2016
20180,42033,679,656,,,36,16,57,105,,,,,26,,,1,122700,,,0,0,2016
20220,19061,594,118,,,83,76,89,63,,,,,-16,,,2,191900,,,1,0,2016
20260,41084,643,743,,,29,24,33,99,,,,,20,,,1,174706,,,1,0,2016
20380,37085,511,865,,,17,29,6,92,,,,,13,,,0,190558,,,1,0,2016
20420,8067,874,775,,,26,16,36,107,,,,,28,,,1,491450,,,2,0,2016
20500,37078,464,440,,,55,41,70,88,,,,,9,,,1,400189,,,2,0,2016
20700,42089,418,731,,,30,7,54,120,,,,,41,,,1,162738,,,1,0,2016
20740,55026,686,602,,,41,43,39,85,,,,,6,,,1,198971,,,1,0,2016
20780,8037,951,998,,,1,0,1,200,,,,,121,,,0,766742,,,3,0,2016
20940,6025,467,215,,,74,87,61,55,,,,,-24,,,1,253921,,,1,0,2016
21060,21093,562,660,,,36,53,20,76,,,,,-3,,,1,161779,,,1,0,2016
21140,18039,351,203,,,75,74,76,64,,,,,-15,,,1,158583,,,1,0,2016
21220,32007,956,716,,,31,42,21,83,,,,,4,,,1,249122,,,1,0,2016
21300,36015,644,744,,,29,27,31,93,,,,,14,,,1,123917,,,0,0,2016
21340,48141,88,857,,,18,30,6,91,,,,,12,,,0,163326,,,1,0,2016
21420,40047,799,509,,,50,61,38,72,,,,,-7,,,1,160550,,,1,0,2016
21460,1031,932,886,,,15,25,5,96,,,,,17,,,0,157850,,,1,0,2016
21500,42049,236,424,,,57,66,48,70,,,,,-9,,,1,129058,,,1,0,2016
21660,41039,174,225,,,73,76,71,63,,,,,-16,,,1,322758,,,1,0,2016
21700,6023,431,71,,,88,77,99,62,,,,,-17,,,2,355508,,,1,0,2016
21780,19146,721,258,,,71,71,71,65,,,,,-14,,,1,149272,,,1,0,2016
21820,2090,618,194,,,76,68,84,68,,,,,-11,,,1,212700,,,1,0,2016
21900,54049,839,492,,,51,57,45,74,,,,,-5,,,1,134967,,,1,0,2016
22020,32522,592,218,,,74,88,61,54,,,,,-25,,,1,246468,,,1,0,2016
22060,27131,864,444,,,55,64,47,70,,,,,-9,,,1,260850,,,1,0,2016
22100,29187,836,755,,,28,31,25,91,,,,,12,,,1,132392,,,1,0,2016
22140,35045,555,795,,,24,26,22,95,,,,,16,,,1,205573,,,1,0,2016
22180,37072,589,858,,,18,34,2,89,,,,,10,,,0,152554,,,1,0,2016
22220,5075,288,308,,,66,58,74,73,,,,,-6,,,1,249875,,,1,0,2016
22260,27111,822,915,,,12,16,9,106,,,,,27,,,1,226100,,,1,0,2016
22280,32019,937,552,,,46,66,25,69,,,,,-10,,,1,251122,,,1,0,2016
22300,39063,705,105,,,84,70,98,67,,,,,-12,,,2,165492,,,1,0,2016
22380,4005,494,768,,,26,21,32,106,,,,,27,,,1,434092,,,2,0,2016
22420,26049,162,143,,,80,70,91,67,,,,,-12,,,2,132333,,,1,0,2016
22500,45036,619,802,,,23,19,27,102,,,,,23,,,1,149104,,,1,0,2016
22520,1055,730,859,,,18,27,9,94,,,,,15,,,0,158858,,,1,0,2016
22540,55039,560,859,,,18,23,14,97,,,,,18,,,1,130325,,,1,0,2016
22580,37161,766,887,,,15,6,25,121,,,,,42,,,1,215683,,,1,0,2016
22660,8069,192,175,,,77,82,72,59,,,,,-20,,,1,427695,,,2,0,2016
22860,22115,970,839,,,20,34,6,89,,,,,10,,,0,156868,,,1,0,2016
22900,16748,775,704,,,32,31,33,91,,,,,12,,,1,139211,,,1,0,2016
23060,18003,186,21,,,95,91,99,51,,,,,-28,,,3,147125,,,1,0,2016
23180,21073,912,792,,,25,38,11,87,,,,,8,,,1,137500,,,1,0,2016
23300,17177,959,862,,,18,15,21,106,,,,,27,,,1,100650,,,0,0,2016
23380,39143,838,524,,,48,48,48,79,,,,,0,,,1,88333,,,0,0,2016
23420,6019,75,39,,,93,89,96,54,,,,,-25,,,2,274399,,,1,0,2016
23460,1055,561,975,,,5,11,0,113,,,,,34,,,0,151075,,,1,0,2016
23500,45021,896,648,,,38,34,41,88,,,,,9,,,1,125100,,,0,0,2016
23540,12001,247,528,,,48,35,60,89,,,,,10,,,1,223708,,,1,0,2016
23580,13139,379,452,,,55,69,40,67,,,,,-12,,,1,310825,,,1,0,2016
23660,17095,909,499,,,50,39,61,85,,,,,6,,,1,121242,,,0,0,2016
23700,35031,860,930,,,11,12,10,111,,,,,32,,,1,142950,,,1,0,2016
23820,32005,926,666,,,36,13,59,112,,,,,33,,,1,587756,,,2,0,2016
23860,45043,803,958,,,8,1,14,148,,,,,69,,,1,354138,,,1,0,2016
23900,42001,599,468,,,53,30,77,94,,,,,15,,,1,216299,,,1,0,2016
24020,36114,799,939,,,10,7,12,120,,,,,41,,,1,215233,,,1,0,2016
24060,8045,921,861,,,18,23,13,99,,,,,20,,,1,488133,,,2,0,2016
24100,36035,893,974,,,5,3,8,138,,,,,59,,,0,134192,,,1,0,2016
24140,37191,487,861,,,18,26,9,94,,,,,15,,,0,165942,,,1,0,2016
24220,38035,716,639,,,38,46,29,81,,,,,2,,,1,243242,,,1,0,2016
24260,31079,856,150,,,80,79,81,60,,,,,-19,,,1,195783,,,1,0,2016
24300,8077,421,465,,,53,59,48,73,,,,,-6,,,1,261337,,,1,0,2016
24340,26088,521,283,,,70,73,67,63,,,,,-16,,,1,203495,,,1,0,2016
24420,41033,635,377,,,61,50,72,79,,,,,0,,,1,337625,,,1,0,2016
24500,30013,648,337,,,64,58,71,74,,,,,-5,,,1,195395,,,1,0,2016
24540,8123,257,190,,,76,93,59,50,,,,,-29,,,1,372967,,,1,0,2016
24580,55009,252,216,,,74,81,66,60,,,,,-19,,,1,188633,,,1,0,2016
24620,47059,756,706,,,32,26,39,95,,,,,16,,,1,163567,,,1,0,2016
24640,25011,712,669,,,35,21,49,100,,,,,21,,,1,245000,,,1,0,2016
24660,37130,389,731,,,29,22,37,104,,,,,25,,,1,161540,,,1,0,2016
24780,37147,354,877,,,16,23,9,97,,,,,18,,,0,158917,,,1,0,2016
24820,39037,922,761,,,27,19,36,102,,,,,23,,,1,101058,,,0,0,2016
24860,45047,442,621,,,39,43,36,83,,,,,4,,,1,223115,,,1,0,2016
24940,45047,755,921,,,12,14,10,108,,,,,29,,,1,174025,,,1,0,2016
25060,28050,590,794,,,24,17,31,104,,,,,25,,,1,171852,,,1,0,2016
25180,39023,490,644,,,38,38,38,86,,,,,7,,,1,193454,,,1,0,2016
25220,22105,491,457,,,54,43,65,82,,,,,4,,,1,188081,,,1,0,2016
25260,6031,558,14,,,96,94,99,47,,,,,-32,,,2,235991,,,1,0,2016
25420,42042,246,429,,,56,35,78,88,,,,,10,,,1,182577,,,1,0,2016
25500,51165,714,906,,,13,10,17,114,,,,,35,,,1,220625,,,1,0,2016
25540,9008,293,387,,,60,40,79,85,,,,,6,,,1,286600,,,1,0,2016
25620,28054,782,749,,,28,33,24,90,,,,,11,,,1,173888,,,1,0,2016
25740,30049,739,559,,,45,38,52,87,,,,,8,,,1,281185,,,1,0,2016
25840,41059,761,829,,,21,36,6,88,,,,,9,,,0,185117,,,1,0,2016
25860,37028,573,660,,,36,19,52,105,,,,,26,,,1,176003,,,1,0,2016
25900,15001,348,920,,,12,7,16,120,,,,,41,,,1,481467,,,2,0,2016
25940,45013,338,881,,,16,3,29,135,,,,,57,,,1,415228,,,2,0,2016
25980,13179,859,916,,,12,24,1,98,,,,,19,,,0,152143,,,1,0,2016
26020,35025,827,861,,,18,21,14,98,,,,,19,,,1,179900,,,1,0,2016
26090,26005,538,437,,,56,45,67,82,,,,,3,,,1,248258,,,1,0,2016
26140,12017,399,593,,,42,46,38,81,,,,,2,,,1,201225,,,1,0,2016
26300,5051,556,851,,,19,11,27,112,,,,,33,,,1,218775,,,1,0,2016
26380,22083,589,903,,,14,11,17,112,,,,,33,,,1,181513,,,1,0,2016
26420,48199,243,563,,,45,72,17,65,,,,,-14,,,1,291376,,,1,0,2016
26460,36021,795,983,,,4,6,2,124,,,,,45,,,0,346575,,,1,0,2016
26580,42049,804,522,,,48,28,69,95,,,,,16,,,1,162698,,,1,0,2016
26620,1086,409,866,,,17,33,1,90,,,,,11,,,0,215277,,,1,0,2016
26660,48471,899,653,,,37,53,21,76,,,,,-3,,,1,210167,,,1,0,2016
26740,20155,802,548,,,46,60,32,72,,,,,-7,,,1,100642,,,0,0,2016
26820,16019,595,215,,,74,83,65,59,,,,,-20,,,1,189366,,,1,0,2016
26860,42063,653,898,,,14,11,18,113,,,,,34,,,1,118292,,,0,0,2016
26900,18072,500,270,,,70,73,66,65,,,,,-14,,,1,222755,,,1,0,2016
26960,26067,878,507,,,50,62,38,72,,,,,-7,,,1,129825,,,1,0,2016
26980,19103,420,385,,,60,70,51,67,,,,,-12,,,1,283008,,,1,0,2016
27060,36109,567,535,,,47,40,54,85,,,,,6,,,1,247192,,,1,0,2016
27100,26075,407,369,,,61,55,68,75,,,,,-4,,,1,149133,,,1,0,2016
27140,28086,435,480,,,52,43,61,84,,,,,5,,,1,228844,,,1,0,2016
27180,47113,604,625,,,39,36,43,87,,,,,8,,,1,131217,,,1,0,2016
27260,12062,346,508,,,49,45,53,83,,,,,4,,,1,294221,,,1,0,2016
27340,37133,367,871,,,16,27,5,99,,,,,20,,,0,160508,,,1,0,2016
27460,36013,461,947,,,9,14,4,107,,,,,29,,,0,115233,,,0,0,2016
27500,55105,393,250,,,71,60,82,73,,,,,-6,,,1,143428,,,1,0,2016
27600,13157,894,502,,,50,74,26,64,,,,,-15,,,1,280269,,,1,0,2016
27620,29051,721,188,,,76,66,86,69,,,,,-10,,,2,141017,,,1,0,2016
27740,47099,649,487,,,51,28,75,95,,,,,16,,,1,170449,,,1,0,2016
27780,42021,432,869,,,17,12,22,110,,,,,31,,,1,73250,,,0,0,2016
27860,5031,581,710,,,32,55,9,75,,,,,-4,,,0,173408,,,1,0,2016
27900,29121,709,473,,,53,46,60,81,,,,,2,,,1,113263,,,0,0,2016
27980,15009,422,883,,,15,10,21,124,,,,,45,,,1,759717,,,3,0,2016
28020,26118,493,406,,,58,56,60,76,,,,,-2,,,1,201142,,,1,0,2016
28060,30029,572,925,,,11,7,16,127,,,,,48,,,1,443693,,,2,0,2016
28100,17091,577,625,,,39,32,47,90,,,,,11,,,1,125450,,,0,0,2016
28140,25250,404,195,,,76,73,80,65,,,,,-14,,,1,234333,,,1,0,2016
28180,15007,818,965,,,7,1,13,161,,,,,82,,,1,744300,,,3,0,2016
28260,31019,961,162,,,79,60,98,72,,,,,-7,,,2,215425,,,1,0,2016
28300,33005,715,733,,,30,16,43,107,,,,,28,,,1,231392,,,1,0,2016
28420,53013,565,79,,,87,94,81,49,,,,,-30,,,1,274294,,,1,0,2016
28500,48265,908,628,,,39,21,57,99,,,,,20,,,1,399708,,,2,0,2016
28580,12087,645,775,,,26,2,50,148,,,,,69,,,1,597717,,,2,0,2016
28660,48063,538,352,,,63,68,58,68,,,,,-11,,,1,156546,,,1,0,2016
28700,48476,703,714,,,31,14,48,111,,,,,32,,,1,188606,,,1,0,2016
28740,36111,361,839,,,20,14,26,108,,,,,29,,,1,252517,,,1,0,2016
28820,37107,843,990,,,3,3,2,137,,,,,58,,,0,117325,,,0,0,2016
28900,41035,763,561,,,45,45,45,84,,,,,5,,,1,191233,,,1,0,2016
28940,47071,625,544,,,46,34,58,91,,,,,12,,,1,232186,,,1,0,2016
29020,18067,651,259,,,70,63,77,70,,,,,-9,,,1,89308,,,0,0,2016
29060,33001,812,724,,,31,13,48,110,,,,,31,,,1,270590,,,1,0,2016
29100,55063,497,88,,,86,88,84,54,,,,,-25,,,1,202958,,,1,0,2016
29180,22063,738,792,,,24,24,25,98,,,,,19,,,1,186666,,,1,0,2016
29200,18157,358,90,,,86,81,91,60,,,,,-19,,,2,179392,,,1,0,2016
29300,13285,792,797,,,24,33,15,90,,,,,11,,,1,179817,,,1,0,2016
29340,22019,324,562,,,45,45,45,82,,,,,3,,,1,234425,,,1,0,2016
29380,12023,805,754,,,28,14,43,108,,,,,29,,,1,176658,,,1,0,2016
29420,4015,304,794,,,24,27,21,95,,,,,16,,,1,237026,,,1,0,2016
29460,12105,102,390,,,60,52,68,77,,,,,-2,,,1,200375,,,1,0,2016
29540,42071,125,326,,,65,53,77,76,,,,,-3,,,1,246492,,,1,0,2016
29620,26049,492,134,,,81,81,81,60,,,,,-19,,,1,146239,,,1,0,2016
29700,48479,341,296,,,67,61,74,72,,,,,-7,,,1,179132,,,1,0,2016
29740,35013,319,876,,,16,19,13,101,,,,,22,,,1,201533,,,1,0,2016
29820,32003,13,228,,,73,79,67,61,,,,,-18,,,1,281155,,,1,0,2016
29860,28067,804,893,,,15,22,7,99,,,,,20,,,0,126350,,,0,0,2016
29940,20045,504,101,,,85,74,95,64,,,,,-15,,,2,233983,,,1,0,2016
30020,40031,522,808,,,23,41,4,84,,,,,5,,,0,113833,,,0,0,2016
30140,42075,454,884,,,16,8,24,117,,,,,38,,,1,204967,,,1,0,2016
30340,23001,534,518,,,49,25,72,97,,,,,18,,,1,170795,,,1,0,2016
30380,42087,981,808,,,23,31,15,92,,,,,13,,,1,125417,,,0,0,2016
30460,21130,708,633,,,39,61,16,72,,,,,-7,,,1,248258,,,1,0,2016
30620,39003,580,380,,,61,45,76,81,,,,,2,,,1,97625,,,0,0,2016
30700,31109,212,169,,,78,92,64,51,,,,,-28,,,1,225203,,,1,0,2016
30780,5094,492,519,,,48,56,40,74,,,,,-5,,,1,163687,,,1,0,2016
30860,49005,611,423,,,57,87,28,55,,,,,-24,,,1,260817,,,1,0,2016
30940,21125,851,689,,,34,29,39,93,,,,,14,,,1,174700,,,1,0,2016
30980,48292,750,684,,,34,24,43,99,,,,,20,,,1,172717,,,1,0,2016
31020,53015,569,380,,,60,66,54,69,,,,,-10,,,1,265125,,,1,0,2016
31080,6048,4,84,,,87,93,81,50,,,,,-29,,,1,731149,,,3,0,2016
31140,19877,587,140,,,81,81,81,60,,,,,-19,,,1,225697,,,1,0,2016
31180,48303,228,177,,,77,88,67,55,,,,,-24,,,1,221685,,,1,0,2016
31260,48005,681,722,,,31,15,47,106,,,,,27,,,1,180642,,,1,0,2016
31300,37155,496,992,,,2,1,4,151,,,,,73,,,0,130225,,,1,0,2016
31340,51243,765,762,,,27,31,23,93,,,,,14,,,1,204911,,,1,0,2016
31420,13021,419,826,,,21,25,17,96,,,,,17,,,1,129875,,,1,0,2016
31460,6039,529,340,,,64,53,74,76,,,,,-3,,,1,298450,,,1,0,2016
31540,55023,494,539,,,46,42,51,86,,,,,7,,,1,272104,,,1,0,2016
31580,21107,982,723,,,31,28,33,92,,,,,13,,,1,135008,,,1,0,2016
31660,36033,965,990,,,3,1,5,156,,,,,77,,,0,144542,,,1,0,2016
31700,33011,165,199,,,75,61,90,72,,,,,-7,,,2,325208,,,1,0,2016
31740,20161,758,262,,,70,65,76,69,,,,,-10,,,1,223500,,,1,0,2016
31820,55071,658,804,,,23,35,11,88,,,,,9,,,1,115858,,,0,0,2016
31860,27013,798,294,,,67,49,86,79,,,,,0,,,2,197058,,,1,0,2016
31900,39139,499,458,,,54,59,49,73,,,,,-6,,,1,86858,,,0,0,2016
31930,39167,796,340,,,64,45,83,82,,,,,3,,,1,163612,,,1,0,2016
31980,18053,775,609,,,40,36,45,88,,,,,9,,,1,80983,,,0,0,2016
32020,39101,841,503,,,50,53,47,77,,,,,-2,,,1,94917,,,0,0,2016
32100,26103,743,875,,,17,10,23,117,,,,,38,,,1,163650,,,1,0,2016
32220,48203,811,589,,,42,33,52,90,,,,,11,,,1,172783,,,1,0,2016
32300,51089,882,995,,,2,2,2,139,,,,,60,,,0,101742,,,0,0,2016
32380,19033,968,655,,,37,44,30,82,,,,,3,,,1,140376,,,1,0,2016
32580,48215,104,811,,,23,20,26,101,,,,,22,,,1,186467,,,1,0,2016
32740,42039,652,705,,,32,21,43,102,,,,,23,,,1,117708,,,0,0,2016
32780,41029,288,292,,,68,62,73,71,,,,,-8,,,1,386901,,,2,0,2016
32820,31848,585,398,,,58,55,62,76,,,,,-3,,,1,166958,,,1,0,2016
32900,6047,318,181,,,77,86,68,56,,,,,-23,,,1,269025,,,1,0,2016
32940,28075,706,967,,,6,6,7,123,,,,,44,,,0,141125,,,1,0,2016
33100,12065,15,603,,,41,39,43,86,,,,,7,,,1,372059,,,1,0,2016
33140,18091,547,536,,,47,34,60,90,,,,,11,,,1,170242,,,1,0,2016
33220,26111,660,573,,,44,47,40,80,,,,,1,,,1,144817,,,1,0,2016
33260,48329,411,94,,,85,83,88,59,,,,,-20,,,2,249746,,,1,0,2016
33340,55108,327,218,,,74,77,71,63,,,,,-16,,,1,270495,,,1,0,2016
33460,29635,426,291,,,68,84,51,56,,,,,-22,,,1,310675,,,1,0,2016
33500,38101,729,618,,,40,53,27,76,,,,,-3,,,1,226200,,,1,0,2016
33540,30063,490,596,,,42,30,53,91,,,,,12,,,1,356613,,,1,0,2016
33660,1097,164,759,,,28,29,26,92,,,,,13,,,1,155694,,,1,0,2016
33700,6099,150,41,,,92,95,90,47,,,,,-32,,,2,313217,,,1,0,2016
33740,22073,412,377,,,61,50,71,77,,,,,-2,,,1,201998,,,1,0,2016
33780,26115,426,221,,,74,54,93,76,,,,,-3,,,2,169658,,,1,0,2016
33860,1051,647,853,,,18,23,13,99,,,,,20,,,1,170745,,,1,0,2016
33980,37031,708,954,,,8,1,14,151,,,,,73,,,1,275542,,,1,0,2016
34020,22101,939,992,,,3,4,2,131,,,,,53,,,0,146958,,,1,0,2016
34060,54061,535,613,,,40,28,52,94,,,,,15,,,1,240900,,,1,0,2016
34100,47076,876,782,,,25,15,36,107,,,,,28,,,1,206229,,,1,0,2016
34180,53025,677,906,,,13,25,2,96,,,,,17,,,0,224983,,,1,0,2016
34260,5005,998,959,,,7,7,8,121,,,,,42,,,0,158858,,,1,0,2016
34340,37171,728,770,,,26,2,51,140,,,,,61,,,1,169008,,,1,0,2016
34380,26073,790,853,,,19,13,25,109,,,,,30,,,1,139800,,,1,0,2016
34540,39083,876,187,,,77,74,80,64,,,,,-15,,,1,161795,,,1,0,2016
34580,53057,498,511,,,49,68,30,68,,,,,-11,,,1,350671,,,1,0,2016
34620,18035,519,564,,,45,56,33,74,,,,,-5,,,1,77800,,,0,0,2016
34740,26121,377,401,,,59,70,47,67,,,,,-12,,,1,135367,,,1,0,2016
34780,40101,776,569,,,44,70,18,66,,,,,-13,,,1,100075,,,0,0,2016
34820,41035,329,895,,,14,7,21,124,,,,,45,,,1,245395,,,1,0,2016
34860,48347,829,677,,,35,5,65,125,,,,,46,,,1,193750,,,1,0,2016
34900,6055,477,241,,,72,55,89,75,,,,,-4,,,2,927050,,,4,0,2016
34940,12021,177,922,,,11,14,8,113,,,,,34,,,0,509987,,,2,0,2016
34980,47130,491,63,,,89,97,82,43,,,,,-36,,,1,319152,,,1,0,2016
35100,37049,568,919,,,12,6,17,127,,,,,48,,,1,166783,,,1,0,2016
35220,18065,991,601,,,41,54,28,76,,,,,-3,,,1,86508,,,0,0,2016
35260,42073,625,872,,,17,14,19,107,,,,,28,,,1,84533,,,0,0,2016
35300,9009,60,498,,,50,37,63,86,,,,,7,,,1,265675,,,1,0,2016
35380,22079,389,191,,,76,57,96,74,,,,,-5,,,2,250459,,,1,0,2016
35420,39157,614,406,,,58,58,59,74,,,,,-5,,,1,136808,,,1,0,2016
35440,41041,913,859,,,18,6,30,123,,,,,44,,,1,354300,,,1,0,2016
35620,35329,189,542,,,46,44,48,83,,,,,4,,,1,480794,,,2,0,2016
35660,26021,403,664,,,36,17,54,104,,,,,25,,,1,255842,,,1,0,2016
35840,12098,156,529,,,48,45,50,82,,,,,3,,,1,363479,,,1,0,2016
35900,37193,744,955,,,8,10,6,116,,,,,37,,,0,230242,,,1,0,2016
35940,39077,884,586,,,43,35,50,88,,,,,9,,,1,123608,,,0,0,2016
35980,9011,243,585,,,43,28,58,93,,,,,14,,,1,284833,,,1,0,2016
36020,53029,656,550,,,46,64,28,71,,,,,-8,,,1,410904,,,2,0,2016
36100,12083,187,444,,,55,54,57,76,,,,,-3,,,1,187854,,,1,0,2016
36140,34009,584,763,,,26,9,44,117,,,,,38,,,1,386800,,,2,0,2016
36220,48135,438,598,,,41,50,33,78,,,,,-1,,,1,189800,,,1,0,2016
36260,49034,279,372,,,61,95,28,46,,,,,-33,,,1,303400,,,1,0,2016
36300,36089,565,990,,,3,2,4,140,,,,,62,,,0,112017,,,0,0,2016
36340,42121,889,919,,,12,5,19,125,,,,,46,,,1,84117,,,0,0,2016
36420,40051,431,365,,,61,65,57,69,,,,,-10,,,1,202175,,,1,0,2016
36460,36009,682,973,,,6,5,6,124,,,,,45,,,0,118175,,,0,0,2016
36500,53067,239,248,,,71,87,55,55,,,,,-24,,,1,307178,,,1,0,2016
36540,27121,373,175,,,78,93,63,49,,,,,-30,,,1,218962,,,1,0,2016
36580,36077,835,971,,,6,7,5,124,,,,,45,,,0,173950,,,1,0,2016
36660,22097,672,868,,,17,22,12,99,,,,,21,,,1,142433,,,1,0,2016
36700,45075,646,991,,,3,2,4,144,,,,,65,,,0,154133,,,1,0,2016
36740,12095,156,280,,,69,58,80,73,,,,,-6,,,2,279239,,,1,0,2016
36780,55139,362,529,,,47,63,32,71,,,,,-8,,,1,153133,,,1,0,2016
36860,17099,537,797,,,24,18,30,103,,,,,24,,,1,108058,,,0,0,2016
36980,21059,587,394,,,60,82,37,59,,,,,-20,,,1,169642,,,1,0,2016
37020,26155,767,197,,,76,60,91,73,,,,,-6,,,2,114696,,,0,0,2016
37060,28071,916,653,,,37,50,24,78,,,,,-1,,,1,335205,,,1,0,2016
37080,37077,901,529,,,48,28,68,93,,,,,14,,,1,192510,,,1,0,2016
37100,6111,87,51,,,91,88,94,55,,,,,-24,,,2,721447,,,3,0,2016
37120,1045,949,923,,,11,19,3,101,,,,,23,,,0,117407,,,0,0,2016
37140,21145,747,640,,,38,37,39,87,,,,,8,,,1,162217,,,1,0,2016
37260,12107,738,943,,,10,4,15,128,,,,,49,,,1,158175,,,1,0,2016
37340,12009,103,133,,,81,73,90,65,,,,,-14,,,2,261433,,,1,0,2016
37460,12005,343,817,,,22,15,29,106,,,,,28,,,1,268773,,,1,0,2016
37580,48277,942,565,,,44,50,39,79,,,,,0,,,1,144767,,,1,0,2016
37620,54107,624,416,,,58,47,68,80,,,,,1,,,1,128208,,,1,0,2016
37740,4007,887,796,,,24,13,36,109,,,,,31,,,1,296275,,,1,0,2016
37860,12073,306,630,,,39,33,45,89,,,,,11,,,1,220633,,,1,0,2016
37900,17161,389,456,,,54,53,55,76,,,,,-3,,,1,137762,,,1,0,2016
37980,34578,232,417,,,57,41,73,85,,,,,6,,,1,238068,,,1,0,2016
38060,4017,97,403,,,58,79,37,60,,,,,-19,,,1,270400,,,1,0,2016
38100,28109,925,852,,,19,10,27,113,,,,,34,,,1,185858,,,1,0,2016
38220,5069,770,932,,,10,17,3,106,,,,,27,,,0,96975,,,0,0,2016
38240,37125,571,926,,,11,11,12,112,,,,,33,,,1,288045,,,1,0,2016
38300,42048,337,520,,,48,35,61,88,,,,,10,,,1,161778,,,1,0,2016
38340,25003,443,920,,,12,8,16,119,,,,,40,,,1,323033,,,1,0,2016
38420,55043,950,804,,,23,33,13,90,,,,,11,,,1,135167,,,1,0,2016
38460,36019,678,845,,,19,8,31,120,,,,,41,,,1,159442,,,1,0,2016
38540,16005,703,511,,,49,57,42,75,,,,,-4,,,1,144842,,,1,0,2016
38820,53009,670,355,,,63,45,81,82,,,,,3,,,1,320854,,,1,0,2016
38860,23018,257,381,,,60,31,90,92,,,,,13,,,2,329850,,,1,0,2016
38900,43036,345,267,,,70,85,55,53,,,,,-26,,,1,421633,,,2,0,2016
38940,12098,298,429,,,56,54,59,76,,,,,-3,,,1,332297,,,1,0,2016
39020,39145,727,902,,,14,19,9,103,,,,,24,,,1,118375,,,0,0,2016
39060,42107,423,730,,,30,26,34,95,,,,,16,,,1,79908,,,0,0,2016
39140,4025,265,621,,,39,21,58,100,,,,,21,,,1,401517,,,2,0,2016
39300,40838,446,325,,,65,59,71,73,,,,,-6,,,1,379343,,,1,0,2016
39340,49049,167,497,,,50,93,8,49,,,,,-30,,,0,341158,,,1,0,2016
39380,8101,385,116,,,83,85,81,57,,,,,-22,,,1,204400,,,1,0,2016
39420,53075,975,701,,,33,30,36,92,,,,,14,,,1,200192,,,1,0,2016
39460,12015,315,641,,,38,40,36,86,,,,,7,,,1,264517,,,1,0,2016
39500,17001,757,201,,,75,59,92,73,,,,,-6,,,2,118842,,,0,0,2016
39540,55101,327,214,,,74,74,74,64,,,,,-15,,,1,183142,,,1,0,2016
39580,37118,417,345,,,64,64,63,70,,,,,-9,,,1,292733,,,1,0,2016
39660,46103,518,347,,,63,76,51,63,,,,,-16,,,1,232817,,,1,0,2016
39740,42011,170,642,,,38,26,50,94,,,,,15,,,1,179908,,,1,0,2016
39780,6103,849,426,,,57,41,72,83,,,,,4,,,1,265283,,,1,0,2016
39820,6089,349,374,,,61,55,67,75,,,,,-4,,,1,295817,,,1,0,2016
39860,27049,962,429,,,57,55,58,75,,,,,-4,,,1,234275,,,1,0,2016
39900,32031,149,275,,,69,67,71,68,,,,,-11,,,1,420808,,,2,0,2016
39980,18177,771,767,,,27,32,21,90,,,,,11,,,1,90683,,,0,0,2016
40060,51243,322,122,,,83,83,83,58,,,,,-21,,,1,282840,,,1,0,2016
40080,21151,657,476,,,53,75,31,64,,,,,-15,,,1,174492,,,1,0,2016
40140,6068,18,359,,,62,76,49,63,,,,,-16,,,1,354424,,,1,0,2016
40220,51333,667,671,,,35,33,36,98,,,,,19,,,1,221614,,,1,0,2016
40260,37083,905,982,,,5,3,6,134,,,,,55,,,0,181792,,,1,0,2016
40300,17141,929,596,,,42,27,56,94,,,,,15,,,1,136458,,,1,0,2016
40340,27109,408,89,,,86,79,92,61,,,,,-18,,,2,300700,,,1,0,2016
40380,36073,515,230,,,74,73,74,64,,,,,-15,,,1,169602,,,1,0,2016
40420,17201,232,272,,,69,64,75,70,,,,,-9,,,1,113617,,,0,0,2016
40580,37096,758,947,,,7,11,4,135,,,,,56,,,0,109304,,,0,0,2016
40660,13115,636,833,,,21,28,14,94,,,,,15,,,1,147998,,,1,0,2016
40700,41019,527,744,,,29,34,24,89,,,,,10,,,1,267183,,,1,0,2016
40740,35005,852,774,,,26,28,24,93,,,,,14,,,1,152867,,,1,0,2016
40780,5115,837,821,,,22,30,13,91,,,,,12,,,1,139683,,,1,0,2016
40860,50021,801,960,,,7,1,14,147,,,,,68,,,1,198208,,,1,0,2016
40900,6065,223,68,,,89,83,95,55,,,,,-24,,,2,465784,,,2,0,2016
40980,26145,323,500,,,50,61,39,72,,,,,-7,,,1,106958,,,0,0,2016
41060,27145,424,645,,,37,38,37,86,,,,,7,,,1,189450,,,1,0,2016
41100,49053,464,514,,,49,71,27,66,,,,,-13,,,1,344433,,,1,0,2016
41140,29021,654,602,,,41,44,38,81,,,,,2,,,1,108317,,,0,0,2016
41180,25174,412,446,,,55,54,55,77,,,,,-2,,,1,163989,,,1,0,2016
41220,13039,964,703,,,33,47,19,80,,,,,1,,,1,208234,,,1,0,2016
41400,39029,550,685,,,34,26,42,95,,,,,16,,,1,105308,,,0,0,2016
41420,41050,473,395,,,59,80,39,61,,,,,-18,,,1,291847,,,1,0,2016
41460,20169,883,238,,,72,77,67,62,,,,,-17,,,1,133238,,,1,0,2016
41500,6053,195,207,,,75,58,92,74,,,,,-5,,,2,871133,,,3,0,2016
41540,19366,590,861,,,18,9,26,121,,,,,42,,,1,257105,,,1,0,2016
41620,49040,509,420,,,57,94,20,47,,,,,-32,,,1,309641,,,1,0,2016
41660,48451,524,598,,,41,50,33,78,,,,,-1,,,1,188892,,,1,0,2016
41700,48102,323,169,,,78,71,85,66,,,,,-13,,,2,295179,,,1,0,2016
41740,6073,5,15,,,96,98,94,42,,,,,-37,,,2,649608,,,3,0,2016
41780,39043,693,773,,,26,11,42,112,,,,,33,,,1,180792,,,1,0,2016
41820,37105,869,838,,,20,23,16,97,,,,,18,,,1,214746,,,1,0,2016
41860,6042,89,21,,,96,97,94,40,,,,,-39,,,2,1026964,,,4,0,2016
41940,6085,19,27,,,94,99,90,36,,,,,-43,,,2,946350,,,4,0,2016
42020,6079,244,163,,,79,63,94,71,,,,,-8,,,2,690633,,,3,0,2016
42100,6087,262,79,,,88,82,93,59,,,,,-20,,,2,886717,,,3,0,2016
42140,35049,380,748,,,29,19,39,104,,,,,25,,,1,515825,,,2,0,2016
42200,6083,176,301,,,67,50,84,78,,,,,-1,,,1,1194050,,,5,0,2016
42220,6097,129,36,,,93,91,95,53,,,,,-26,,,2,731710,,,3,0,2016
42340,13077,591,813,,,23,21,24,99,,,,,21,,,1,224840,,,1,0,2016
42380,42015,816,957,,,8,6,9,121,,,,,42,,,1,159408,,,1,0,2016
42460,1071,910,961,,,7,13,1,110,,,,,31,,,0,169900,,,1,0,2016
42540,42074,247,693,,,33,16,50,104,,,,,25,,,1,134008,,,1,0,2016
42620,5145,724,857,,,18,25,11,96,,,,,17,,,1,139992,,,1,0,2016
42660,53049,52,188,,,77,98,55,38,,,,,-41,,,1,426637,,,2,0,2016
42680,12061,392,540,,,47,33,61,90,,,,,11,,,1,338712,,,1,0,2016
42700,12055,543,718,,,31,24,38,96,,,,,17,,,1,169950,,,1,0,2016
42860,45073,700,925,,,11,10,13,114,,,,,35,,,1,254792,,,1,0,2016
42940,47155,608,629,,,39,10,68,112,,,,,33,,,1,234450,,,1,0,2016
43060,40125,764,448,,,55,60,50,73,,,,,-6,,,1,141100,,,1,0,2016
43100,55117,506,461,,,54,48,60,79,,,,,1,,,1,148642,,,1,0,2016
43140,37045,600,858,,,18,9,28,117,,,,,38,,,1,146298,,,1,0,2016
43220,53045,834,753,,,28,39,16,87,,,,,8,,,1,238658,,,1,0,2016
43300,48181,495,201,,,75,59,91,73,,,,,-6,,,2,217408,,,1,0,2016
43320,4017,620,964,,,7,5,8,126,,,,,47,,,0,258333,,,1,0,2016
43340,22016,373,621,,,39,56,23,75,,,,,-4,,,1,190404,,,1,0,2016
43420,4003,489,920,,,12,19,4,103,,,,,24,,,0,158000,,,1,0,2016
43580,19193,590,35,,,93,90,97,52,,,,,-27,,,2,156317,,,1,0,2016
43620,46091,632,421,,,57,93,21,49,,,,,-30,,,1,238808,,,1,0,2016
43700,21199,786,964,,,7,5,10,127,,,,,48,,,1,163623,,,1,0,2016
43740,42111,713,948,,,9,9,9,117,,,,,38,,,1,150533,,,1,0,2016
43760,6109,890,418,,,58,32,83,91,,,,,12,,,1,315617,,,1,0,2016
43780,22084,591,576,,,43,34,52,93,,,,,14,,,1,147075,,,1,0,2016
43900,45083,227,566,,,44,50,38,78,,,,,-1,,,1,199775,,,1,0,2016
44060,53063,128,110,,,83,91,76,52,,,,,-27,,,1,250767,,,1,0,2016
44100,17167,302,352,,,63,63,63,70,,,,,-9,,,1,143375,,,1,0,2016
44140,25014,280,444,,,55,39,70,86,,,,,7,,,1,255621,,,1,0,2016
44180,29060,456,352,,,62,70,54,66,,,,,-13,,,1,183136,,,1,0,2016
44220,39023,448,336,,,64,59,69,73,,,,,-6,,,1,101850,,,0,0,2016
44260,28105,944,755,,,28,18,38,103,,,,,24,,,1,245771,,,1,0,2016
44300,42027,414,532,,,47,36,59,88,,,,,9,,,1,225167,,,1,0,2016
44340,13031,793,935,,,10,13,7,111,,,,,32,,,0,159608,,,1,0,2016
44420,51015,733,746,,,29,17,41,105,,,,,26,,,1,240708,,,1,0,2016
44580,17195,865,681,,,34,30,38,92,,,,,13,,,1,94250,,,0,0,2016
44620,55097,737,426,,,57,45,68,81,,,,,2,,,1,173050,,,1,0,2016
44660,40119,683,284,,,68,61,76,72,,,,,-7,,,1,163208,,,1,0,2016
44700,6077,111,18,,,96,97,95,45,,,,,-34,,,2,357575,,,1,0,2016
44780,26149,863,831,,,21,27,15,94,,,,,15,,,1,135250,,,1,0,2016
44940,45085,566,910,,,13,19,7,101,,,,,22,,,0,151280,,,1,0,2016
44980,42097,593,688,,,34,14,54,109,,,,,30,,,1,94958,,,0,0,2016
45060,36065,469,582,,,43,38,47,87,,,,,8,,,1,145117,,,1,0,2016
45140,40021,992,727,,,30,51,10,78,,,,,-1,,,1,132742,,,1,0,2016
45180,1121,698,955,,,8,13,3,110,,,,,31,,,0,146624,,,1,0,2016
45220,12073,222,425,,,57,56,58,75,,,,,-4,,,1,191175,,,1,0,2016
45300,12079,134,125,,,82,76,89,63,,,,,-16,,,2,236816,,,1,0,2016
45460,18167,563,342,,,64,57,70,74,,,,,-5,,,1,87908,,,0,0,2016
45500,48037,639,706,,,32,28,37,93,,,,,14,,,1,148255,,,1,0,2016
45540,12119,430,656,,,37,40,33,85,,,,,6,,,1,246183,,,1,0,2016
45660,39147,907,226,,,73,64,82,70,,,,,-9,,,1,83796,,,0,0,2016
45780,39134,307,208,,,75,66,83,69,,,,,-10,,,2,153058,,,1,0,2016
45820,20177,347,84,,,86,91,82,52,,,,,-27,,,1,103442,,,0,0,2016
45860,9005,337,810,,,23,6,39,122,,,,,43,,,1,371266,,,1,0,2016
45900,26055,602,578,,,43,28,59,95,,,,,16,,,1,319942,,,1,0,2016
45940,34021,193,487,,,51,38,65,86,,,,,7,,,1,267970,,,1,0,2016
46020,6057,546,509,,,49,40,59,85,,,,,7,,,1,557300,,,2,0,2016
46060,4019,43,488,,,51,70,32,66,,,,,-13,,,1,236517,,,1,0,2016
46100,47031,904,367,,,62,79,44,61,,,,,-18,,,1,185917,,,1,0,2016
46140,40114,653,384,,,60,74,47,64,,,,,-15,,,1,174616,,,1,0,2016
46180,28081,668,604,,,41,36,46,88,,,,,9,,,1,179645,,,1,0,2016
46220,1125,313,760,,,28,18,37,102,,,,,23,,,1,186522,,,1,0,2016
46300,16083,707,475,,,53,65,40,69,,,,,-10,,,1,212368,,,1,0,2016
46340,48423,303,207,,,75,58,92,74,,,,,-5,,,2,258442,,,1,0,2016
46380,6045,633,642,,,37,12,62,114,,,,,35,,,1,571175,,,2,0,2016
46520,15003,63,577,,,43,74,12,64,,,,,-15,,,1,726375,,,3,0,2016
46540,36054,533,799,,,23,26,20,98,,,,,19,,,1,130692,,,1,0,2016
46660,13185,554,907,,,13,21,5,99,,,,,20,,,0,152900,,,1,0,2016
46700,6095,173,4,,,98,98,98,41,,,,,-38,,,2,425050,,,2,0,2016
46980,28149,980,829,,,21,8,34,119,,,,,40,,,1,134317,,,1,0,2016
47020,48469,647,690,,,34,52,16,77,,,,,-2,,,1,214196,,,1,0,2016
47220,34011,469,865,,,17,17,18,105,,,,,26,,,1,136120,,,1,0,2016
47260,51584,482,702,,,32,57,8,74,,,,,-5,,,0,254315,,,1,0,2016
47300,6107,191,149,,,80,72,88,65,,,,,-14,,,2,243942,,,1,0,2016
47380,48309,280,50,,,91,81,100,59,,,,,-20,,,4,184383,,,1,0,2016
47460,53071,880,490,,,51,59,43,73,,,,,-6,,,1,257697,,,1,0,2016
47580,13153,428,598,,,41,48,35,80,,,,,1,,,1,169458,,,1,0,2016
47660,29101,933,504,,,50,44,56,81,,,,,2,,,1,155083,,,1,0,2016
47700,18085,718,670,,,35,30,41,92,,,,,13,,,1,197983,,,1,0,2016
47820,37013,936,999,,,1,0,1,184,,,,,105,,,0,158333,,,1,0,2016
47900,39627,358,293,,,68,76,60,61,,,,,-18,,,1,442225,,,2,0,2016
47940,19013,451,430,,,56,71,42,66,,,,,-13,,,1,136658,,,1,0,2016
48020,55055,669,628,,,39,41,37,84,,,,,5,,,1,211433,,,1,0,2016
48060,36045,528,974,,,5,9,1,119,,,,,40,,,0,157917,,,1,0,2016
48140,55073,445,628,,,39,38,40,86,,,,,7,,,1,158508,,,1,0,2016
48260,39081,749,504,,,50,33,67,91,,,,,12,,,1,76042,,,0,0,2016
48300,53007,731,713,,,32,37,26,88,,,,,10,,,1,386292,,,2,0,2016
48540,46541,871,441,,,55,42,68,83,,,,,4,,,1,135696,,,1,0,2016
48580,55127,573,639,,,38,15,61,107,,,,,28,,,1,248441,,,1,0,2016
48620,20094,480,125,,,83,78,87,61,,,,,-18,,,2,179131,,,1,0,2016
48660,48485,481,592,,,42,62,22,71,,,,,-8,,,1,118933,,,0,0,2016
48700,42081,503,520,,,49,42,55,84,,,,,5,,,1,165708,,,1,0,2016
48900,37135,578,708,,,32,22,41,101,,,,,22,,,1,294124,,,1,0,2016
48980,37195,675,868,,,16,21,11,119,,,,,40,,,1,117483,,,0,0,2016
49020,51069,709,590,,,42,30,54,93,,,,,14,,,1,304648,,,1,0,2016
49100,27169,954,585,,,43,38,48,89,,,,,10,,,1,152292,,,1,0,2016
49180,37098,510,769,,,26,19,34,106,,,,,27,,,1,176772,,,1,0,2016
49220,55141,689,897,,,14,12,17,111,,,,,32,,,1,132650,,,1,0,2016
49300,39169,541,255,,,71,61,80,72,,,,,-7,,,1,137958,,,1,0,2016
49340,17021,305,283,,,69,59,78,72,,,,,-6,,,1,253433,,,1,0,2016
49420,53077,307,289,,,68,68,68,68,,,,,-11,,,1,226558,,,1,0,2016
49620,42133,154,225,,,73,60,86,72,,,,,-7,,,2,194971,,,1,0,2016
49660,40113,362,690,,,33,26,41,95,,,,,17,,,1,99822,,,0,0,2016
49700,6108,751,48,,,91,85,98,56,,,,,-23,,,3,280286,,,1,0,2016
49740,4027,378,484,,,52,52,52,77,,,,,-2,,,1,193125,,,1,0,2016
49780,39119,650,564,,,44,42,47,83,,,,,4,,,1,139117,,,1,0,2016
